{"cameraMode":{"drawMode":0,"name":"Shaded","section":"Shading Mode"},"sceneLighting":true,"audioPlay":false,"sceneViewState":{"showFog":false,"showMaterialUpdate":false,"showSkybox":false,"showFlares":false,"showImageEffects":false,"showParticleSystems":false},"in2DMode":false,"pivot":{"x":2.757983922958374,"y":1.6711366176605225,"z":-1.53987717628479},"rotation":{"x":0.028493855148553849,"y":-0.0125966165214777,"z":0.0003590381529647857,"w":0.9995145797729492},"size":8.881062507629395,"orthographic":true}